id;name;data;data_content_type
1;Developer;../fake-data/blob/hipster.png;image/png
2;Savings Account Avon gold;../fake-data/blob/hipster.png;image/png
3;Analyst Regional client-driven;../fake-data/blob/hipster.png;image/png
4;silver models;../fake-data/blob/hipster.png;image/png
5;virtual;../fake-data/blob/hipster.png;image/png
6;overriding;../fake-data/blob/hipster.png;image/png
7;Polarised Multi-layered De-engineered;../fake-data/blob/hipster.png;image/png
8;Incredible Fresh Salad;../fake-data/blob/hipster.png;image/png
9;Executive Somali Shilling Avon;../fake-data/blob/hipster.png;image/png
10;capacitor Harbor;../fake-data/blob/hipster.png;image/png
